{
    "bookmarks.activitybar.title": "Закладки",
    "bookmarks.views.Explorer.name": "Проводник",
    "bookmarks.views.HelpAndFeedback.name": "Help and Feedback",
    "bookmarks.viewsWelcome.bookmarksExplorer.contents.whenEmpty": "In order to use Bookmarks, you have to open a folder or workspace first.\n[Open a Folder](command:_bookmarks.openFolderWelcome)\n[Open a Workspace](command:workbench.action.openWorkspace)\nTo learn more about how to use Bookmarks in VS Code [read the docs](http://github.com/alefragnani/vscode-bookmarks/#bookmarks).",
    "bookmarks.viewsWelcome.bookmarksExplorer.contents.whenNoFileOpen": "No bookmarks yet.\nIn order to use Bookmarks, you have to open a file in the editor.\n[Open a File](command:workbench.action.quickOpen)\nTo learn more about how to use Bookmarks in VS Code [read the docs](http://github.com/alefragnani/vscode-bookmarks/#bookmarks).",
    "bookmarks.viewsWelcome.bookmarksExplorer.contents.whenHasFileOpen": "No bookmarks yet.\nIn order to use Bookmarks, place the cursor in any location in the file and run the command:\n[Bookmarks: Toggle](command:bookmarks.toggle)\nTo learn more about how to use Bookmarks in VS Code [read the docs](http://github.com/alefragnani/vscode-bookmarks/#bookmarks).",
    "bookmarks.editor.context.label": "Закладки",
    "bookmarks.editor.title.label": "Закладки",
    "bookmarks.commands.category.bookmarks": "Закладки",
    "bookmarks.commands.category.bookmarks.selection": "Закладки (Выделение)",
    "bookmarks.commands.toggle.title": "добавить/убрать",
    "bookmarks.commands.jumpToNext.title": "Перейти к следующей",
    "bookmarks.commands.jumpToPrevious.title": "Перейти к предыдущей",
    "bookmarks.commands.jumpTo.title": "Перейти к документу/строке",
    "bookmarks.commands.selectLines.title": "Выделить линию",
    "bookmarks.commands.expandSelectionToNext.title": "Сделать выделение до следующего",
    "bookmarks.commands.expandSelectionToPrevious.title": "Сделать выделение до предыдущего",
    "bookmarks.commands.shrinkSelection.title": "Уменьшить выделение",
    "bookmarks.commands.list.title": "Список",
    "bookmarks.commands.toggleLabeled.title": "Переключить маркер",
    "bookmarks.commands.refresh.title": "Обновить",
    "bookmarks.commands.viewAsTree#sideBar.title": "Просмотреть как дерево",
    "bookmarks.commands.viewAsList#sideBar.title": "Просмотреть как список",
    "bookmarks.commands.openSettings.title": "Открыть настройки",
    "bookmarks.commands.hidePosition.title": "Скрыть позицию",
    "bookmarks.commands.showPosition.title": "Показать позицию",
    "bookmarks.commands.clear.title": "Очистить",
    "bookmarks.commands.clearFromFile.title": "Очистить",
    "bookmarks.commands.deleteBookmark.title": "Удалить",
    "bookmarks.commands.editLabel.title": "Изменить маркер",
    "bookmarks.commands.addBookmarkAtLine#gutter.title": "Добавить закладку",
    "bookmarks.commands.addLabeledBookmarkAtLine#gutter.title": "Добавить закладку с меткой",
    "bookmarks.commands.removeBookmarkAtLine#gutter.title": "Удалить закладку",
    "bookmarks.commands.listFromAllFiles.title": "Список из всех файлов",
    "bookmarks.commands.clearFromAllFiles.title": "Очистить из всех файлов",
    "bookmarks.commands.whatsNew.title": "Что нового",
    "bookmarks.commands.whatsNewContextMenu.title": "Что нового",
    "bookmarks.commands.openFolderWelcome.title": "Открыть папку",
    "bookmarks.commands.supportBookmarks.title": "Поддержка закладок",
    "bookmarks.configuration.title": "Закладки",
    "bookmarks.configuration.saveBookmarksInProject.description": "Разрешить локальное сохранение (и восстановление) закладок в открытом Проекте/Папке вместо VSCoda",
    "bookmarks.configuration.gutterIconPath.description": "Путь к другому изображению, которое будет представлено в виде маркера закладки",
    "bookmarks.configuration.gutterIconPath.deprecation": "Вместо этого используйте `bookmarks.gutterIconFillColor` и `bookmarks.gutterIconBorderColor`",
    "bookmarks.configuration.gutterIconFillColor.description": "Определяет цвет заливки значка закладки",
    "bookmarks.configuration.gutterIconBorderColor.description": "Определяет цвет границы значка закладки",
    "bookmarks.configuration.backgroundLineColor.description": "Цвет фона (background) строки на которую установлена закладка. Используйте rgba(), чтобы задать прозрачные цвета фона для хорошего сочетания с другим оформлением. Пример: rgba(21, 126, 251, 0,1)",
    "bookmarks.configuration.backgroundLineColor.deprecation": "Вместо этого используйте `bookmarks.lineBackground` в `workbench.colorCustomizations`",
    "bookmarks.configuration.navigateThroughAllFiles.description": "Разрешить навигатору искать закладки во всех файлах проекта, а не только в текущем",
    "bookmarks.configuration.wrapNavigation.description": "Разрешить навигацию по первой и последней закладкам в области (текущий файл или все файлы)",
    "bookmarks.configuration.useWorkaroundForFormatters.description": "Использовать обходной путь для форматировщиков таких как Prettier, который не уведомляет об изменениях документа и путает поведение прикреплённой закладки",
    "bookmarks.configuration.experimental.enableNewStickyEngine.description": "Экспериментальный. Включает новый механизм Sticky с поддержкой форматеров, улучшенным обнаружением изменений источника и операциями отмены",
    "bookmarks.configuration.keepBookmarksOnLineDelete.description": "Указывает, должны ли закладки на удаленной строке сохраняться в файле, перемещая его вниз на следующую строку, вместо того, чтобы удалять его вместе со строкой, в которой он был переключен.",
    "bookmarks.configuration.showNoMoreBookmarksWarning.description": "Указывает, будет ли отображаться уведомление при попытке перехода между закладками, когда их больше нет.",
    "bookmarks.configuration.showCommandsInContextMenu.description": "Определяет, отображаются ли команды закладок в контекстном меню",
    "bookmarks.configuration.sidebar.expanded.description": "Определяет, будет ли отображаться развернутая боковая панель.",
    "bookmarks.configuration.sideBar.countBadge.description": "Управляет значком счетчика на значке закладки на панели действий.",
    "bookmarks.configuration.sideBar.countBadge.enumDescriptions.all": "Показать сумму закладок из всех файлов",
    "bookmarks.configuration.sideBar.countBadge.enumDescriptions.files": "Показать сумму файлов, содержащих некоторые закладки",
    "bookmarks.configuration.sideBar.countBadge.enumDescriptions.off": "Отключить значок счетчика закладок",
    "bookmarks.configuration.multicursor.toggleMode.description": "Определяет, как несколько курсоров обрабатывают уже отмеченные закладки строки",
    "bookmarks.configuration.multicursor.toggleMode.enumDescriptions.allLinesAtOnce": "Создает закладки сразу во всех выбранных строках, если хотя бы в одной из строк нет закладки",
    "bookmarks.configuration.multicursor.toggleMode.enumDescriptions.eachLineIndependently": "Буквально переключает закладку в каждой строке вместо того, чтобы сделать все строки равными",
    "bookmarks.configuration.label.suggestion.description": "Указывает, как будут предлагаться ярлыки при создании закладок.",
    "bookmarks.configuration.label.suggestion.enumDescriptions.dontUse": "Не использовать выделение (исходное поведение)",
    "bookmarks.configuration.label.suggestion.enumDescriptions.useWhenSelected": "Использовать выделенный текст (если есть) напрямую, подтверждение не требуется",
    "bookmarks.configuration.label.suggestion.enumDescriptions.suggestWhenSelected": "Предлагает выделенный текст (если есть). Вам все еще нужно подтвердить.",
    "bookmarks.configuration.label.suggestion.enumDescriptions.suggestWhenSelectedOrLineWhenNoSelected": "Предлагает выделенный текст (если есть) или всю строку (если нет выделения). Вам все еще нужно подтвердить.",
    "bookmarks.configuration.revealLocation.description": "Указывает место, где будет отображаться строка с закладкой.",
    "bookmarks.configuration.revealLocation.enumDescriptions.top": "Показывает строку с закладкой в верхней части редактора.",
    "bookmarks.configuration.revealLocation.enumDescriptions.center": "Показывает строку с закладкой в центре редактора.",
    "bookmarks.colors.lineBackground.description": "Цвет фона для отмеченной строки",
    "bookmarks.colors.lineBorder.description": "Цвет фона для границы вокруг линии с закладкой",
    "bookmarks.colors.overviewRuler.description": "Обзор цвета маркера линейки для закладок"
}